0,postcode,price,annual_donation,num_donation
Cathy Butler,3351,550000,311,9
Stephanie Yang,3280,630000,4486,9
Trevor Scott,3980,729500,3189,10
Shane Curtis,3971,414300,493,3
Amanda Wright,3434,809000,1097,5
Kimberly Hubbard,3418,257000,806,11
Timothy White,3312,3312,78,5
Shelby Steele,3873,3873,443,4
Ashley Dodson,3833,3833,172,5
Sherry Buckley,3121,1400000,45722,1
Heather Jones,3127,2350000,39763,19
Ashley Pratt,3572,3572,140,12
Robert Rose,3758,3758,776,6
Ashley Elliott,3057,1275000,31972,8
Cheryl Parker,3862,525000,402,12
Christina Marshall,3357,710000,4876,2
Joshua Hall,3859,3859,733,11
Jeanette Green,3561,290000,414,8
Jeffrey White Jr.,3957,3957,803,2
Kathryn Davis,3373,397500,203,11
Amy Jones,3249,3249,122,2
Amanda Macdonald,3222,721300,2095,8
James Peters,3631,633000,2290,1
Jeffrey Garcia,3197,1700000,31047,9
John Crane,3424,214500,235,9
Stephen Wilson,3381,647500,4676,4
Caitlin Carr,3401,494000,632,5
Victor Kelly,3480,240000,572,2
Theresa Rivera,3305,577500,855,9
Jacqueline Mooney,3169,981500,6880,6
Jacob Benitez,3070,1660000,42198,14
Emily Gonzalez,3036,967500,5418,6
Crystal Brown,3678,3678,86,9
Anthony Walter,3225,1550000,22105,29
Drew Castaneda,3515,584500,25,8
William White,3885,432500,441,10
Isaiah Allen,3249,3249,987,1
Dylan Moore,3381,647500,809,12
Kevin Brennan,3160,810000,4282,10
Lisa Mullen,3832,3832,923,1
Benjamin Richardson,3977,766000,3310,12
Sergio Horne,3331,722000,1658,11
Martin Hopkins,3352,607500,2193,9
Janet Sullivan,3015,1155000,48301,1
Jonathan Bradford,3717,670000,397,8
Richard Woods,3019,741500,1617,7
Brian Collins,3525,277500,840,1
Martin Hawkins,3570,3570,70,8
Eric Allen,3825,355000,555,5
Jennifer Morgan,3810,640000,3692,9
Jeffrey Cruz,3032,1220000,45915,4
Patricia Harper,3323,3323,611,4
Rebecca Evans,3418,257000,498,8
Emily Ellis,3181,1465000,29601,11
Andrew Lawson,3318,230000,233,4
Patricia Walters,3517,500000,329,12
Jared Roman,3825,355000,562,10
Arthur Moore,3971,414300,489,12
Edward Dixon,3387,3387,854,8
Mark Lam,3596,3596,877,11
Frances Swanson,3585,375000,425,4
Holly Summers,3342,685000,2137,4
Mark Davis,3875,459500,260,2
Cathy Kelly,3909,477500,873,11
Gregory Olson,3851,485000,787,11
Justin Oconnor,3505,330000,636,3
Matthew Jones,3518,465000,17,10
Annette Ochoa,3984,540000,588,7
Sarah Hernandez,3875,459500,547,11
Victoria Miller,3717,670000,3896,5
Stephanie Robinson,3858,380000,268,12
Kristin Herring,3851,485000,969,9
Chloe Martin,3465,377500,130,12
Austin Gonzales,3764,565000,736,7
Cynthia Clarke,3812,825000,211,2
Jason Blankenship,3465,377500,178,6
Morgan Ramirez,3478,310000,427,6
Gregory Richards,3240,3240,160,8
Daniel Wilson,3264,385000,605,7
Mrs. Rebecca Jackson DDS,3165,1440000,8490,26
Brandi Davis,3150,1426500,3761,2
Terry Evans,3678,3678,874,2
Sophia Kerr,3551,667500,2412,12
Timothy Robinson,3352,607500,3674,12
Shawna Roberts,3851,485000,456,4
Andrea Cain,3223,750000,3729,4
Scott Floyd,3315,250000,221,4
George Romero,3691,714000,3372,9
Mary Lee,3981,632500,1453,2
Timothy Crawford,3964,3964,224,9
Sean Patton,3713,475000,556,7
Jason Lee,3831,610000,131,9
Richard Hawkins,3126,3361000,13575,30
Tyler Fisher,3267,3267,172,9
Henry Miller,3889,3889,460,10
Jeffrey Hernandez,3821,3821,448,9
Jacob Hall,3723,776500,245,12
Michael Robinson,3041,1605000,39778,16
Dennis Wilkerson,3465,377500,382,5
Eugene Cline,3621,349500,600,1
Janet Cunningham,3401,494000,601,7
Nathan Davis,3939,742500,889,7
Daisy Swanson,3870,400000,603,8
Dr. Cathy Miller,3352,607500,169,8
Jacqueline Marshall,3586,3586,707,7
Ryan Walker,3364,3364,986,8
Amy Santos,3352,607500,1217,5
Richard Dixon,3851,485000,950,7
Tiffany Rodgers,3558,437500,364,9
Jeffrey Woods,3357,710000,4838,10
Edwin Huff,3898,387500,620,8
Jason Bradford,3480,240000,416,11
Daniel Williams,3294,432500,807,12
Beth Pearson,3380,380000,876,5
Amanda Wright MD,3231,2575000,21494,29
Julie Evans,3851,485000,764,10
Lorraine Stein,3885,432500,662,12
Christopher Holder,3795,3795,545,10
Patricia Jefferson,3409,3409,482,6
Corey Freeman,3496,256500,689,1
Angela Golden,3622,3622,669,1
Thomas Bird,3885,432500,737,2
Karen Chung PhD,3946,3946,303,2
Mark Scott,3478,310000,308,10
Leonard Adams,3322,3322,525,12
Kevin Hayes,3525,277500,260,3
Tristan Rodriguez,3631,633000,4494,4
Shelia Trujillo,3847,350000,446,3
Michael Romero,3375,3375,521,9
Ricardo Schroeder,3988,3988,564,11
Sara Gross,3483,213500,673,3
Kelli Shaw,3142,5550000,39783,1
Luis Burton,3458,1175000,6512,24
Maria Thompson,3540,3540,18,7
Christopher Fletcher,3631,633000,4646,4
Louis Nguyen,3977,766000,2126,3
Sarah Valdez,3391,3391,324,1
Frederick Webb,3880,555000,370,12
Daniel Martin,3898,387500,470,10
Michael Mcmillan,3660,3660,903,11
Michelle Shaw,3047,545000,43,10
Devin Baker,3215,1190000,27238,24
Brittany Love,3858,380000,434,5
Abigail Parker,3889,3889,126,10
Bryan James,3518,465000,475,8
Elizabeth Flores,3683,410000,310,6
James Mendez,3312,3312,418,6
Brian Ortega,3885,432500,961,8
Ian Ross,3265,3265,766,5
Victoria Ortiz,3677,522500,435,4
Christopher Mcdonald,3401,494000,579,7
Joel Farrell,3984,540000,197,8
James Brown,3880,555000,537,9
Caitlin Thomas,3777,792000,463,1
Christina Lowe,3084,1060000,12683,11
Tricia Terry,3475,3475,963,7
Amy Bolton,3461,1005000,1516,12
David Giles,3006,3006,702,2
Abigail Gibson,3585,375000,981,5
Monica Andrade,3596,3596,981,10
Lori Mckay,3799,703500,3843,10
Danny Martin,3268,440000,184,11
Laura Wade,3260,385000,24,1
Kevin Shepard,3233,1450000,48281,26
Clayton Arias,3463,850000,1755,9
Nicholas Mcguire,3971,414300,988,1
Mary Jones,3537,3537,586,5
Nathan Wright,3579,305000,233,11
Tammy Thomas,3678,3678,974,10
Eric Sullivan,3381,647500,3519,8
Ethan Scott,3682,3682,669,6
Carol Harris,3409,3409,835,2
Colton Myers,3268,440000,776,7
Michael Howell,3488,3488,604,2
Trevor Flynn,3478,310000,489,8
Samantha Roach,3139,610000,3929,7
Jesse King,3144,2750000,23306,14
Donald Howard,3451,925000,17798,6
Jimmy Cummings,3220,1172500,39413,9
Tara Wagner,3301,3301,553,5
Beverly Cooper,3132,1195000,13592,20
Lori Carter,3171,882500,1344,4
Shannon Hawkins,3723,776500,2645,11
Stephen Moran,3527,202500,623,12
Jennifer Mcneil,3631,633000,4898,10
Diane Mills,3027,785000,4393,8
Sharon Simmons,3844,733500,2976,6
Jasmine Reynolds,3015,1155000,10241,23
Tiffany Austin,3143,2721000,41321,20
Jay Mullen,3152,1126300,3001,4
Valerie Taylor,3351,550000,302,9
Donald Thompson,3373,397500,16,12
Nicole Nguyen,3111,1390000,17497,23
Nancy Bennett,3858,380000,691,8
Michael Frye,3128,1437500,39252,23
Jessica Maldonado,3678,3678,226,5
Lisa Grant,3164,3164,626,9
Amy Lee,3665,3665,735,1
Joshua Warren,3483,213500,809,2
Megan Perez,3984,540000,277,3
David Hudson III,3498,460000,364,12
Becky Smith,3851,485000,358,11
Kelsey Griffin,3956,490000,74,8
Audrey Massey,3634,485000,311,1
Ebony Franklin,3341,3341,839,6
Brittany Shannon,3946,3946,56,2
Angela Harper,3283,3283,116,7
Kevin Jackson,3551,667500,126,9
Melanie Anderson,3143,2721000,18588,23
Matthew Munoz,3833,3833,278,10
Courtney Burke,3953,556300,142,9
Brianna Franco,3124,2717500,37420,3
Brianna Carter PhD,3141,1940000,20492,12
Jeffrey Harris,3825,355000,727,9
Lynn Gill,3551,667500,357,10
Sophia Cross,3549,315000,409,7
Jennifer Norman,3890,3890,532,1
Helen Rodriguez,3874,3874,440,10
Mariah Becker,3281,3281,54,9
Cory Fitzgerald,3956,490000,44,7
David Singh,3370,765000,4589,4
Nicole Anderson,3673,510000,136,3
David Moore,3111,1390000,5734,17
Dustin Michael,3249,3249,777,10
Tyler Tyler,3311,350000,272,8
Gregory Graham,3559,3559,24,11
Nathan Johnson,3451,925000,9194,6
Heather Chan,3564,520000,400,11
Amy Martinez,3607,3607,155,1
Rebekah Duran MD,3184,2320500,16137,10
Joshua Harrell,3575,3575,182,12
Natalie Stokes,3301,3301,609,11
Ricky Armstrong,3337,516300,642,6
Donna Ochoa,3082,749300,2558,5
Sherri Johnson,3152,1126300,41196,3
Kevin Powell,3461,1005000,11960,4
Lisa Webb,3620,405000,583,1
Deborah Rodriguez,3723,776500,560,12
William Bonilla,3711,3711,139,6
Zachary Fox,3028,725000,29,3
Donald Gilbert,3777,792000,4432,10
Karen Alvarez,3701,3701,876,2
Rhonda Washington,3265,3265,369,1
Alyssa Mathis,3381,647500,1549,3
Martin Williamson,3505,330000,948,6
Heidi Wolfe,3477,3477,473,9
Lauren Martinez,3268,440000,885,2
Cory Moore,3880,555000,968,2
Charles Hughes,3933,3933,203,12
Allison Chase,3634,485000,294,10
Rachel Ball,3871,450000,543,8
Jessica Michael,3461,1005000,10694,10
Ruben Cole,3478,310000,646,10
Keith Owen,3741,1350000,27351,4
Justin Morgan,3822,3822,621,4
Dwayne Brown,3888,328800,218,5
Richard Lewis,3634,485000,450,4
Diana Collins,3851,485000,920,2
Joel Russell,3971,414300,207,5
Timothy Torres,3979,3979,687,5
Terry Gonzales,3465,377500,616,1
Robin Davidson,3451,925000,7759,5
Daniel Hoffman MD,3121,1400000,1428,5
Deanna Pittman,3888,328800,712,3
Frederick Sullivan,3337,516300,797,8
Nicholas Carter,3304,395000,163,10
Christopher Oliver,3212,700000,986,12
Ana Cooke,3517,500000,428,9
Jennifer Pierce,3664,617000,4024,9
Ashley Harvey,3463,850000,1558,8
Miguel Fox,3414,249000,449,11
Brianna Crosby,3478,310000,923,7
Alexandra Gordon,3453,3453,537,3
Mrs. Michele Barnes,3355,490000,698,10
Tiffany Robinson,3977,766000,4407,10
Amber Barnett,3608,655000,2343,2
Dennis Rivera,3477,3477,94,8
David Smith,3401,494000,781,11
John Hernandez,3458,1175000,19267,5
Robert White,3549,315000,789,12
Lisa Gilbert,3304,395000,859,7
Nathan Curtis,3323,3323,271,6
Courtney Boyd,3818,605000,4540,7
Rebecca Dennis,3931,1070000,1324,10
Elizabeth King,3352,607500,4183,5
Samantha Jones,3483,213500,499,7
Kimberly Gray,3550,503800,782,3
Brandon Rivera,3175,693500,3310,2
Janet Murray,3799,703500,4686,3
Amy Martin,3286,3286,111,12
Terry Mathis,3727,3727,201,12
Andrew Black,3767,942500,15966,3
Amy Andrews,3494,3494,311,9
Tiffany Hughes,3068,1570000,40719,9
Andrea Thompson,3851,485000,660,2
Brittany Allen,3575,3575,429,12
Cynthia Crawford,3384,3384,998,2
Megan Adams,3956,490000,129,8
Stephanie Trevino,3461,1005000,6453,4
Heather Ramirez,3995,555000,387,3
Alexander Duran,3013,1035500,938,1
James Buck,3200,598000,825,10
Cheyenne Jones,3678,3678,857,8
Janet Williamson,3517,500000,99,5
Kelsey Moore,3230,1885000,11722,26
Cheryl Garcia,3658,510000,144,2
Julie Lane,3673,510000,419,2
Ashley Wright,3461,1005000,4757,5
Richard Brooks,3858,380000,130,11
Amanda Hernandez,3231,2575000,9182,8
Amber George,3196,1262500,28819,28
Brian Jackson,3691,714000,1109,3
Christine Cooper,3472,349000,711,9
Susan Garcia,3579,305000,738,5
Leonard Cook,3777,792000,3617,10
Tyler Bradshaw,3461,1005000,19367,9
Douglas Nelson,3235,3235,509,8
Sean Phelps,3941,800000,4728,1
Jonathan Campbell,3462,525000,883,10
Victoria Scott,3991,3991,924,6
Christopher Carroll,3384,3384,589,12
James Hernandez,3312,3312,985,2
Aaron Reyes,3129,1490000,29594,5
Timothy Crosby,3352,607500,3634,9
Michelle Kelley,3217,732500,2388,1
Robert Chapman,3321,750800,2073,2
Sharon Porter,3400,3400,918,4
Julie Bell,3193,2220000,17671,20
Tracey Anderson,3518,465000,629,2
Daniel Garcia,3020,700000,3895,5
William Miller,3685,500000,352,11
Andrea Torres,3844,733500,3017,5
Rebecca Johnson,3669,387500,380,2
Robin Gutierrez,3102,2030000,21255,13
Crystal King,3461,1005000,6992,8
Anna Cox,3340,650000,763,9
Matthew Diaz,3250,680000,3086,2
Mrs. Melissa Gonzalez,3646,3646,11,6
Christine Cummings,3544,3544,336,11
Robert Diaz,3573,3573,311,8
Kathryn Brown,3204,1915000,18639,9
Jared Ellison,3131,1090000,19079,7
Cheryl Murphy,3691,714000,1790,4
Joseph Bryant,3660,3660,365,1
Rodney Martinez,3685,500000,149,10
Benjamin Mora,3673,510000,632,4
Michael Watson,3912,780000,1134,4
Charles Nolan,3227,1505000,26629,24
Miguel Galvan,3142,5550000,29264,19
Frank Atkinson,3900,3900,267,1
Tonya Alexander,3352,607500,481,2
Jeffrey Hill,3175,693500,412,1
John Escobar,3216,825000,3737,7
Deborah Smith,3891,3891,106,7
Stephanie Edwards,3562,3562,330,6
Sandra Rose,3565,3565,262,1
Tommy Williams,3875,459500,778,3
Lori Becker,3301,3301,779,4
Wanda Carroll,3305,577500,249,6
Amanda Kirby,3862,525000,109,6
Christina Flores,3215,1190000,36175,23
Derrick Graves,3442,860000,19979,3
Emily Greene,3981,632500,3513,3
Dr. Lindsay Gamble DVM,3286,3286,889,10
Phillip Martinez,3139,610000,4143,4
Briana Pham,3634,485000,770,12
Margaret Collins,3219,510000,657,2
Jonathan Villegas,3103,2970000,23567,10
Chad Thomas,3401,494000,906,6
Monica Wood,3851,485000,389,4
John Smith,3823,550000,90,6
Nathan Hardin,3770,737500,377,2
James Martinez,3570,3570,331,11
Jennifer Myers,3373,397500,463,6
Erin Perry,3971,414300,250,1
Alison Brown,3568,255000,805,4
Theresa Foster,3950,475000,336,6
Vanessa Brown,3352,607500,367,12
Brian Moody,3591,3591,573,8
Shannon Hall,3351,550000,954,4
Sergio Ballard,3152,1126300,28546,21
Tracey Green,3777,792000,2027,9
Michelle Wolf,3818,605000,1992,10
Rachel Carter,3193,2220000,13893,11
Tammy Miller,3844,733500,1669,12
Autumn Fleming,3551,667500,1607,4
Courtney King,3979,3979,953,6
Mark Jackson,3162,1785000,10581,1
Kyle Esparza,3352,607500,1409,9
Kristin Gregory,3930,1603000,23779,13
Susan Alexander,3260,385000,741,12
Brandon Hernandez,3551,667500,86,4
Colton Chambers,3862,525000,446,9
Mr. Ryan Reynolds DDS,3472,349000,441,5
Steven Hawkins,3523,550000,985,3
Krystal Thompson,3351,550000,804,3
Michael Herrera,3691,714000,1954,10
James Powell,3268,440000,774,9
Dawn Lee,3122,2415000,35093,9
Russell Harrison,3518,465000,460,4
Matthew Brown,3575,3575,785,5
Jay Hardy,3885,432500,653,9
Joshua Hernandez,3621,349500,330,6
Barry Hobbs,3352,607500,3998,1
David King,3851,485000,605,7
Elizabeth Smith,3305,577500,52,11
John Bishop,3825,355000,115,5
Heather West,3469,3469,231,8
Andrew Hayes,3722,3722,935,2
Teresa Wiggins,3128,1437500,48209,11
Brandon Wells,3152,1126300,37211,24
Dr. Christopher Parker,3669,387500,378,4
Sean Ferguson,3242,802500,827,6
Jacob Daniels,3825,355000,366,12
Nicholas Watts,3038,920000,18005,4
Sierra Brown,3450,737000,2403,10
Elizabeth Terry,3206,2340000,1785,10
Paige Ortiz DDS,3527,202500,99,7
John Russell,3293,3293,593,11
Robert Thomas,3815,792500,4009,12
Samantha Jones,3331,722000,1489,11
Sheila Edwards,3461,1005000,11064,10
Kevin Wise,3660,3660,358,4
Juan Mccarty,3144,2750000,27786,7
Teresa Peterson,3451,925000,10207,7
Miss Shelly Baker,3937,1750000,2844,27
Lauren Hawkins,3066,1190000,20426,7
Pamela Thompson,3461,1005000,13550,10
Jennifer Berry,3023,612500,2228,2
Curtis Hill,3220,1172500,20508,11
William Gonzalez,3196,1262500,39528,27
Mr. Steven Smith,3393,232500,209,5
Seth Erickson,3103,2970000,7381,4
Michael Stewart,3665,3665,592,9
Amanda Barajas,3644,400000,851,7
Ryan Blackburn,3730,610000,3582,1
Jeremiah Bowman,3890,3890,882,4
Veronica Shah,3956,490000,434,10
Jacob Bryant,3579,305000,552,2
Mia Lucas,3691,714000,309,4
James Oconnor,3717,670000,1032,11
Carla Macias,3800,3800,346,5
Monica Myers,3666,455000,261,4
Cynthia Buck,3355,490000,602,11
Kevin Kennedy,3377,370000,652,10
Kimberly Poole,3266,455000,314,3
John Smith,3616,460000,685,9
David Cherry,3616,460000,899,9
Deborah Hanna,3533,197500,37,3
Bradley Baker,3099,930000,8771,8
Christopher Bradford,3530,3530,465,5
Nicholas Frazier,3444,975000,14518,6
Douglas Skinner,3833,3833,256,11
Juan Stevens,3401,494000,747,9
Cole Lang,3585,375000,612,5
Mary Swanson,3550,503800,855,7
Antonio Coleman,3892,545000,163,1
Julie Shaw,3501,815000,3476,1
Ashley Ayala,3012,947500,10194,1
Judith Aguilar,3335,570000,736,8
Caroline Kennedy,3833,3833,359,10
Brian Braun,3805,767500,1150,6
Matthew Sharp,3289,230000,645,7
Jessica Lucas,3977,766000,2836,4
Melissa Davies,3249,3249,284,1
David Leonard,3496,256500,497,3
Justin Farmer,3221,715000,1364,5
Denise Lopez,3767,942500,1745,2
Laura Mercer,3301,3301,700,9
Shawna Gregory,3717,670000,2394,4
Amy Hutchinson,3862,525000,876,10
Stephanie Shepherd,3148,1175000,48738,27
Kathryn Taylor,3272,282500,283,2
Charles Thomas,3847,350000,443,5
Michael Knox,3723,776500,1177,4
Eduardo Harvey,3131,1090000,4879,6
Mark Medina,3820,635000,4993,9
Adam Smith,3556,517500,100,9
Susan Wagner,3714,670000,2865,7
Randy Aguilar,3991,3991,599,12
Joseph Trujillo,3019,741500,4868,12
Christina Downs,3818,605000,3057,12
Melissa Howard,3360,3360,725,2
William Davis,3875,459500,623,12
Jason Stephens,3249,3249,42,9
Vincent Beck,3351,550000,506,3
Monica Hawkins,3691,714000,1315,10
Melanie White,3352,607500,1245,1
Terry Gray,3089,948500,14552,11
George Brown,3984,540000,601,7
Gina Moore,3350,711000,2753,6
Lisa Baxter,3527,202500,589,3
Jennifer Khan,3225,1550000,46318,11
Shane Hickman,3340,650000,1608,9
Cindy Perkins,3840,335000,120,7
Vanessa Zimmerman,3701,3701,168,2
Jeffrey Chandler,3612,340000,469,5
Gerald Macias,3314,3314,506,1
Marie Lawson,3573,3573,56,2
Jim Miller,3265,3265,779,1
Renee Scott,3293,3293,614,9
Jenna Fernandez,3236,3236,774,4
Ms. Denise Mcclure,3678,3678,227,5
Christine Mckee,3477,3477,244,6
Charles Wood,3058,917500,11398,3
Derek Robles,3858,380000,694,1
Timothy Martinez,3275,3275,508,1
Jessica Johnson,3634,485000,293,7
Jennifer English,3129,1490000,19558,14
Brandon Jenkins,3723,776500,924,9
Michael Anderson,3377,370000,197,3
Sean Bell,3660,3660,998,4
Kathleen Guerrero DDS,3988,3988,98,7
Deborah Smith,3960,620000,1032,9
Lauren Andrews,3616,460000,886,11
Anthony House,3451,925000,7722,7
William Huff,3381,647500,3809,7
Mrs. Karen Norton,3312,3312,897,11
Cody Perez,3821,3821,749,7
Jennifer Jackson,3585,375000,626,3
Rodney Parker,3199,1150000,8586,18
Crystal Nixon,3135,975000,12902,2
Erin Barnes,3055,1325000,33934,8
Michele Meadows,3458,1175000,6745,21
Joseph Francis,3575,3575,577,5
Leonard Cantrell,3162,1785000,773,5
Paul Jones DDS,3221,715000,3060,7
Robert Nguyen,3182,2315000,7646,26
Matthew Lopez,3795,3795,848,11
Mark Jenkins,3337,516300,717,8
John Perkins,3678,3678,123,7
Paul Hickman,3630,3630,637,2
Jessica Burch,3477,3477,57,10
William Gutierrez,3824,567500,513,5
Kristina Chambers,3215,1190000,15777,15
David Thomas,3024,570000,180,5
Heather Freeman,3393,232500,858,6
Jeffrey Miller,3325,357500,127,6
Nicole Robinson,3564,520000,493,11
Bridget Diaz,3071,1440000,37878,2
Christopher Blake,3413,3413,387,10
Bradley Carter,3825,355000,814,3
Erik Lee,3825,355000,958,9
Hannah Payne,3885,432500,754,5
Gabriel Montgomery,3956,490000,519,9
Vicki Ramirez,3844,733500,4551,10
Mrs. Elizabeth Mccarty PhD,3522,3522,881,3
Brian White,3862,525000,844,9
Dr. Michael Smith DDS,3666,455000,937,8
Kimberly Snow,3825,355000,857,7
Robert Robinson,3737,584000,47,6
Carlos Stevens,3379,3379,710,12
Jennifer Thomas,3483,213500,802,9
Tiffany Oliver,3909,477500,442,4
George Hogan,3450,737000,904,10
Ronald Garrett,3936,1077500,12765,5
Mason Randolph,3660,3660,803,10
Lori Gonzales,3631,633000,2599,4
Andre Wilson,3505,330000,452,1
Whitney Brewer,3477,3477,858,5
Michael Terry,3862,525000,208,11
Alexis Brown,3475,3475,832,9
Thomas Johnson,3472,349000,904,11
Manuel Roberts,3352,607500,1336,3
Melissa Reid,3409,3409,546,4
Christopher Chang,3388,3388,694,10
Samuel Phillips,3356,477000,794,9
Maria Ware,3331,722000,4739,9
Kevin Mcneil,3885,432500,263,11
Jonathon Evans,3324,265000,920,1
Kelly Perkins,3377,370000,98,6
Connie Edwards,3373,397500,979,12
Tamara Tate,3551,667500,1211,6
Richard Weaver,3701,3701,796,6
Jennifer Clayton,3544,3544,921,2
Elizabeth Fox,3561,290000,74,12
Stephanie Gallagher,3715,3715,848,1
Gregory Collins,3959,820000,3689,4
Melanie Woods,3301,3301,75,7
James Brock,3385,3385,806,3
Steven Palmer,3249,3249,417,4
Stephen Hawkins,3512,3512,688,2
Anthony Gutierrez,3722,3722,480,1
Natalie Mccann,3951,3951,560,1
Eric Koch MD,3214,625000,4977,7
Thomas Booth,3620,405000,157,8
David Ballard,3821,3821,121,4
Candice Cherry,3337,516300,464,6
Patrick Arroyo,3401,494000,939,4
Taylor Erickson,3355,490000,120,5
Dr. Kimberly Boone,3224,708000,669,10
Amanda Johnson,3283,3283,62,12
Troy Moreno,3221,715000,1254,2
Jean Smith,3551,667500,611,4
Gary Shaffer,3889,3889,135,1
Brenda Davis,3147,1615000,30835,29
April Wheeler,3960,620000,1149,9
Nancy Allen,3331,722000,3567,6
Lisa Richards,3840,335000,401,1
Sherry Lopez,3833,3833,750,11
Jeff Wilkinson,3691,714000,1661,12
Jacob Howard,3579,305000,977,1
Clayton Campbell,3249,3249,451,11
Kristy Hawkins,3944,4200000,30489,23
David Fowler,3825,355000,768,4
Gregory Jimenez,3198,835000,4535,3
Brenda Elliott,3004,3004,96,3
Michael Jones,3958,3958,191,2
Michael Barnett Jr.,3184,2320500,4791,16
Mark Rivera,3900,3900,883,5
Rose Anderson,3444,975000,15786,7
Tabitha Swanson,3764,565000,790,12
Jenna Rodriguez,3717,670000,2000,2
Russell Mendez,3571,3571,507,7
Edward Velasquez,3875,459500,10,1
Nathan Gordon,3608,655000,3130,11
Brandi Williams,3351,550000,805,5
James Gray,3937,1750000,20197,30
Javier Pruitt,3995,555000,433,5
Logan Mckee,3825,355000,31,12
Emily Jordan,3462,525000,382,10
Eric Hall,3782,852500,1502,3
Lisa Anderson,3265,3265,861,5
Kevin Beck,3352,607500,4669,11
Ricky Page,3243,3243,709,2
Richard Ball,3309,3309,780,12
Kathy Rollins,3888,328800,316,6
Sharon Novak,3676,3676,441,4
Angela Kennedy,3719,3719,469,12
Jorge Martin,3687,562500,163,12
Shirley Garcia,3357,710000,81,12
Nancy Nelson,3352,607500,4753,1
Lori Blair,3133,1357500,30937,12
Kathryn Ruiz,3957,3957,862,2
Sheryl Evans,3224,708000,1009,1
Jonathan Carter,3551,667500,4744,1
Angela Jacobs,3678,3678,714,7
Belinda Bates,3909,477500,68,11
Matthew Moore,3283,3283,167,2
Abigail Reynolds,3518,465000,908,2
Christina Johnson,3193,2220000,22831,4
Courtney Carter,3799,703500,3686,2
Nancy Moon,3401,494000,211,4
Michael Clarke,3340,650000,3673,7
Carol Thomas,3478,310000,15,7
Cody Callahan,3891,3891,720,5
Anthony Velasquez,3585,375000,176,12
Dawn Campbell,3465,377500,281,2
Erik Blackwell,3086,3086,882,5
Rachel Morgan,3572,3572,250,9
Julia Barry,3757,705000,4130,4
Jane Guerrero,3816,567500,254,11
Angela Copeland,3215,1190000,9710,17
Dawn Kennedy,3860,355000,609,2
Cynthia Mullins,3458,1175000,6720,12
Charles Reed,3660,3660,430,10
Matthew Rodriguez,3727,3727,834,2
Barbara Smith,3518,465000,603,7
Michele Eaton,3711,3711,532,1
Chad Torres,3374,3374,741,9
Mitchell Hamilton,3051,1370000,31434,29
Jeffrey Lee,3551,667500,2486,9
Michael Cruz,3187,2145500,6946,6
Sara Martin,3478,310000,437,12
Philip Black,3930,1603000,34381,9
Tyler Lucas,3465,377500,964,8
David Shepard,3377,370000,879,3
Jessica Morris,3723,776500,4777,11
Stacy Young,3918,803000,3477,2
Dawn Mccarty,3350,711000,139,7
Joseph Sanders,3134,1340000,13648,5
Ryan Chambers,3401,494000,549,5
Lori Howard,3810,640000,413,6
Victor Holmes,3860,355000,950,3
Susan Bartlett DDS,3058,917500,17477,12
Ryan Douglas,3757,705000,1133,5
Renee Smith MD,3030,965000,16649,2
James Wells,3161,2485000,48282,14
Laura Mitchell,3730,610000,1274,1
Thomas Kemp,3011,1200000,2687,7
Charles Larson,3025,920000,5845,7
Emily Cox,3249,3249,437,5
Cynthia Johnson,3709,3709,566,7
Donna Anderson,3854,554500,618,12
Jennifer Garrett,3377,370000,107,6
Emily Jones,3024,570000,612,4
Holly Brown,3978,702000,3454,3
Taylor Castro,3634,485000,33,7
Chris Park,3737,584000,76,4
Julie Sims,3482,3482,1000,9
Christopher Jones,3352,607500,4594,5
Levi Mosley,3356,477000,34,4
Sandra Cook,3311,350000,580,6
Jordan Blair,3984,540000,869,3
Michael Brown,3860,355000,433,2
John Smith,3579,305000,789,10
Anna Parrish,3472,349000,180,8
Laura Bennett,3507,3507,625,4
Jessica Lin,3525,277500,720,12
Craig Todd,3531,3531,750,6
Rachel Price,3175,693500,2589,3
Jesse Smith,3122,2415000,43336,30
Nicole Smith,3814,873200,14180,7
Melissa Cooper,3337,516300,770,8
Phillip Leonard,3564,520000,59,7
Jordan Mitchell,3637,3637,199,6
Natasha Miller,3971,414300,440,11
Jeffrey Gomez,3670,3670,412,5
Benjamin Fry,3523,550000,371,10
Julie Wilson,3377,370000,942,11
Shelly Rogers,3875,459500,107,7
Anthony Reid,3477,3477,528,4
Alicia King,3737,584000,565,11
Leonard Wilson,3489,3489,610,1
Patricia Collins,3730,610000,2768,9
Megan Cooper,3937,1750000,43489,8
Heather Roberts,3084,1060000,8871,8
Rebecca Jennings,3475,3475,978,7
Shelley Ali,3517,500000,503,3
Melanie Fox,3280,630000,1110,12
Krystal Carroll DDS,3888,328800,90,1
Jay Hoffman,3030,965000,7789,7
Raymond Ramos,3124,2717500,15160,16
Megan Lopez,3678,3678,532,11
Heather Cameron,3216,825000,3844,9
Corey Smith,3181,1465000,29123,10
Charles Mason,3669,387500,242,6
Amber Carter,3527,202500,717,10
Tina Reyes,3012,947500,16225,4
Tammy Long,3633,3633,350,2
Andrea Fisher,3558,437500,436,3
Tanya Reed,3544,3544,332,4
Kathleen Dorsey,3893,3893,596,1
John Burch,3981,632500,3416,9
Logan Jensen,3055,1325000,34997,12
Todd Gaines,3401,494000,529,1
Amy Sherman,3305,577500,757,3
Douglas Burnett,3799,703500,2966,6
Toni Davis,3315,250000,35,3
Dennis Johnson,3561,290000,739,12
David Alvarez,3351,550000,545,8
Daniel Peterson,3785,3785,982,10
Ronald Mcdonald,3860,355000,175,3
Kristina Gonzalez,3518,465000,948,11
Ann Harrison,3925,1080000,372,12
David Howard,3501,815000,1819,9
Paul Marshall,3303,3303,551,12
Tara Conrad,3575,3575,537,7
Eric Beck,3075,655000,516,10
Barbara Green,3418,257000,879,4
Megan Scott,3444,975000,1999,9
Jared Harrison,3072,1078000,6054,4
Joshua Vincent,3960,620000,747,3
Scott Stewart,3608,655000,2071,1
Sarah Taylor,3231,2575000,27316,8
Veronica Henderson,3249,3249,522,10
Mark Freeman,3925,1080000,18264,12
Nancy Garcia,3243,3243,897,10
Bobby Wright,3533,197500,953,5
Shannon Mcdonald,3821,3821,472,7
Miss Maria Copeland DDS,3240,3240,865,9
Melanie Case,3851,485000,818,11
Robert Williams,3037,933500,19591,9
Dr. Veronica King,3096,938500,9858,12
Dillon Russell,3741,1350000,20209,4
Joanna Poole,3556,517500,757,3
Kathryn King,3361,300000,148,10
Scott Williams,3579,305000,921,8
Robert Peterson,3301,3301,894,3
Nicole Walker,3148,1175000,18860,14
Bryan Meyers,3517,500000,550,10
Robin Villanueva,3670,3670,376,3
Grace Bradshaw,3330,3330,992,5
Joy Reese,3517,500000,614,12
Tanya Dominguez,3219,510000,374,11
David Cline,3336,700000,3199,3
Mr. Ronald Grant MD,3260,385000,132,11
Kristen Flores,3048,547500,312,3
Frank Jenkins,3041,1605000,29775,6
Jacob Tyler,3950,475000,618,10
Erika Martinez,3249,3249,978,7
Sharon Richardson,3193,2220000,36283,6
Cynthia Haley,3891,3891,34,1
Spencer Howard,3858,380000,134,6
Jose Stone,3315,250000,535,7
Randy Watkins,3988,3988,133,11
Robin Barker,3181,1465000,32623,17
Amanda Cooper,3871,450000,927,3
Rachel Contreras,3401,494000,331,11
Ashley Cobb,3032,1220000,3564,4
Margaret Cook DDS,3294,432500,733,4
Vanessa Sanders,3660,3660,495,12
Morgan Todd,3581,3581,588,7
Mrs. Melanie Hernandez,3561,290000,825,11
Tyler Gonzalez,3862,525000,489,9
Kevin Johnson,3363,520000,906,3
Gregory Mills,3352,607500,34,3
David Perry MD,3581,3581,406,7
Pamela Banks,3356,477000,155,4
Sharon Williams,3215,1190000,12434,11
Paul Peterson,3564,520000,313,8
Jennifer Kennedy,3418,257000,419,3
John King,3056,1260000,43522,10
Wayne Johnson,3381,647500,3745,5
Steven Olson,3285,3285,813,11
Erik Byrd,3461,1005000,5598,4
Ms. Samantha Ramirez,3895,3895,406,3
Jason Strong,3579,305000,790,9
Kathleen Allison,3469,3469,876,7
Robert Chambers,3207,1615000,7311,15
Tiffany Johnson,3478,310000,618,5
Roger Wagner,3646,3646,217,7
Luis Santiago,3586,3586,228,8
Cristian Jennings,3195,1140000,43054,21
Heather Hess,3554,3554,419,5
Frank Jones,3318,230000,44,2
Kaitlyn Ramos,3132,1195000,5674,16
Eugene Nguyen,3151,1200000,22686,29
Kyle Small,3315,250000,166,11
Christina Johnston,3214,625000,4687,5
Raven Taylor,3523,550000,311,4
Katherine Becker,3723,776500,2617,11
Dennis Rivera,3026,3026,136,9
Sherry Whitehead,3458,1175000,38058,20
Mrs. Danielle Farmer DVM,3037,933500,10850,9
Douglas Pearson,3303,3303,316,12
Kimberly Warner,3165,1440000,41883,10
Allison Johnston,3260,385000,507,1
Mark Fox,3351,550000,60,10
Christopher Fisher,3141,1940000,1758,28
Stacy Watson,3323,3323,65,11
Bradley Santos,3594,3594,653,7
Michael Walker,3465,377500,581,6
Randy Hicks,3144,2750000,32744,15
Jeremy Campbell,3134,1340000,4530,1
Steven Delacruz,3550,503800,829,8
Peter Rodriguez,3809,882500,3989,1
Gary Perkins,3352,607500,94,10
Jeffrey Johnson,3364,3364,103,3
Michael Harding,3860,355000,803,10
Vincent Molina,3352,607500,3405,12
Michael Reynolds,3461,1005000,19324,3
Tommy Harris,3444,975000,5049,3
Tina Gutierrez,3134,1340000,25171,21
David Guerra,3387,3387,417,9
Jennifer Shaw,3041,1605000,35265,3
Ashley Mccormick,3723,776500,4763,8
Julia Russo,3736,3736,843,4
Cynthia Baldwin,3678,3678,100,7
Scott Perry,3701,3701,882,6
Justin Freeman,3821,3821,773,4
Adam Manning,3478,310000,498,12
Thomas Moreno,3995,555000,120,7
Penny Smith,3145,2398000,8545,24
Jason Wilson,3238,3238,833,6
Kristine Brennan,3757,705000,2497,5
Cheryl Nelson,3314,3314,536,7
Randall Fernandez,3146,2417500,49294,14
Katherine Schneider,3635,3635,28,11
Rodney Pierce,3216,825000,1047,8
Gary Mathews,3891,3891,49,8
Kimberly Trevino,3444,975000,4234,6
Tracy Reynolds,3224,708000,4683,6
Pamela Ray,3563,3563,353,6
Melanie Jackson,3818,605000,1016,2
Katrina Glenn,3634,485000,841,2
Greg Franco,3482,3482,129,9
Arthur Gordon MD,3260,385000,810,10
Anita Collins,3517,500000,578,4
Timothy Hernandez,3902,3902,929,4
Ronnie Holloway,3925,1080000,16326,9
Yvette Mccarthy,3084,1060000,12540,4
Jennifer Rasmussen,3885,432500,164,8
Karen Tate,3338,620000,2759,4
Kimberly Reeves,3250,680000,2769,11
Nathaniel Wilson,3281,3281,293,2
Mary Weaver,3199,1150000,9602,11
Jacob Webster,3678,3678,633,3
Gabriella Rowe,3579,305000,578,8
Kathryn Hudson,3717,670000,3536,5
Jenny Nicholson,3971,414300,991,10
Catherine Hill,3585,375000,132,4
Shane Chandler,3860,355000,441,3
Michael Frey,3629,390000,950,3
James Munoz,3922,710000,389,1
Wanda Castillo,3641,323000,367,1
Kevin Mcconnell,3401,494000,897,12
Amy Deleon,3885,432500,675,5
Nicole Graham,3351,550000,806,10
Jordan Young,3822,3822,139,6
Victoria Crosby,3060,752500,4453,6
Cameron Evans,3792,3792,177,9
Debbie Wright,3234,3234,410,2
Jonathan Willis,3139,610000,4554,4
Jacob Johnson,3371,3371,207,5
Bradley Donaldson,3265,3265,863,3
Elizabeth Barron,3221,715000,4170,1
Cory Miles,3238,3238,741,1
Monica Ortega,3451,925000,6049,10
Robert Young,3875,459500,585,7
Dr. Beth Hammond,3315,250000,357,4
Laura Wells,3691,714000,2587,4
Ann Lowery,3250,680000,2124,9
Crystal Hess,3888,328800,675,10
Daniel Ayers,3265,3265,462,8
Dillon Arroyo,3235,3235,339,9
Ellen Moss,3465,377500,381,11
Tiffany Gomez,3237,3237,737,12
Roberta Miller,3490,245000,86,3
Timothy Sims,3568,255000,364,11
Crystal Moody,3384,3384,643,2
William Norris,3478,310000,968,6
Steven Williams,3810,640000,1008,11
Nancy Rodriguez,3477,3477,160,1
Brian Bonilla,3442,860000,5685,5
Margaret Pham,3527,202500,123,6
Billy Roach,3132,1195000,35004,16
Andrew Moreno,3006,3006,422,7
John Martinez,3444,975000,210,12
Robert Carter,3690,514000,744,12
Kathleen Singleton,3377,370000,736,6
Brandon Rogers,3374,3374,90,9
Donna Schultz,3213,3213,794,2
Jay Johnson,3379,3379,717,10
Robyn Ramos,3221,715000,4511,7
Jamie Moore,3480,240000,103,9
Jonathan Rodriguez,3012,947500,16983,3
Robert Edwards,3808,1320000,26586,12
Kimberly Taylor,3352,607500,3616,10
Matthew Briggs II,3371,3371,132,11
Dennis Savage,3596,3596,418,7
Cory Kelly,3351,550000,341,10
Alicia Braun,3630,3630,166,6
Jacqueline Simon,3551,667500,3528,12
Cheryl Lynch,3960,620000,4086,10
Michael Ferguson,3979,3979,95,5
Thomas Conner,3898,387500,555,8
Leslie Rosales,3847,350000,526,2
Brian Ruiz,3340,650000,860,3
Tim Alexander,3820,635000,327,12
Christopher Harris,3249,3249,597,8
Zachary Brown,3444,975000,11159,3
Lucas Gillespie,3268,440000,170,12
Mallory Flores,3277,540000,905,11
Rachel Cruz,3342,685000,1350,7
Cathy Juarez,3584,415000,446,8
Dennis Smith,3678,3678,555,3
Melissa Nguyen,3221,715000,349,10
Tommy Powell,3821,3821,466,2
Valerie Cole,3067,1290000,3723,5
Matthew Jones,3701,3701,552,3
Ryan Watson,3558,437500,734,8
Diane Chapman,3401,494000,489,9
Jeremiah Wilson,3312,3312,576,6
Pamela Greene,3551,667500,705,4
Erik Navarro,3352,607500,4371,3
Cheryl Perez,3241,625000,2557,2
Brandon Barrett,3960,620000,4756,3
Jennifer Phillips,3303,3303,495,4
James Glenn,3765,890000,18263,7
Michelle Martinez,3305,577500,551,1
Samantha Ali,3523,550000,131,10
Jessica Rose,3381,647500,4425,9
Charles Lopez,3260,385000,848,1
Sophia Larson,3714,670000,2522,7
John Mathews,3555,525000,132,9
Henry Mitchell,3767,942500,1651,7
Tanner Oliver,3409,3409,591,6
Kimberly Carter,3691,714000,2756,2
Brenda Hernandez,3387,3387,768,4
Thomas Harvey MD,3283,3283,202,8
Danielle Edwards,3304,395000,46,3
Elijah Daugherty,3387,3387,825,12
Tyler Wallace,3342,685000,4867,11
Lawrence Guerrero,3458,1175000,45516,28
David White,3260,385000,162,7
Jessica Beasley DVM,3219,510000,966,10
Heather Hammond,3249,3249,249,10
Denise Murphy,3363,520000,611,11
Matthew Hill,3643,3643,165,6
Adrian Brown,3451,925000,15132,10
John Pierce,3579,305000,334,2
Monica Johnson,3500,3500,250,2
Felicia Moody,3763,771000,3285,6
Alexis Noble,3363,520000,898,3
Mrs. Abigail Hays MD,3304,395000,104,2
Charles Suarez,3260,385000,795,4
Cynthia Hill,3875,459500,874,10
Mary Goodwin,3477,3477,544,2
Jonathon Myers,3171,882500,19080,1
April Scott,3279,3279,933,4
Jesse Hammond,3842,365800,421,8
Jean Smith,3735,3735,583,12
Anthony Dean,3888,328800,794,7
Suzanne Bryant,3342,685000,3732,2
Lisa Boyd,3764,565000,384,1
Arthur Robinson,3283,3283,706,11
Amy Clark,3888,328800,706,1
Jeremy Jones,3551,667500,3086,7
Margaret Thomas,3350,711000,2224,2
Emily Castillo,3682,3682,856,5
Donald Martinez,3685,500000,579,10
Nicole Gonzales,3634,485000,444,11
Caroline Kent,3871,450000,831,10
Timothy Pierce,3462,525000,997,10
Jason Bryant,3490,245000,499,9
Xavier Tran,3858,380000,975,10
Luke Smith,3551,667500,4942,1
John Duncan,3875,459500,154,6
Justin Alexander,3683,410000,128,4
Allison Parsons,3888,328800,886,2
Melissa Pitts,3939,742500,330,3
James Mcmahon,3038,920000,17500,10
Mrs. Robin Nelson DVM,3004,3004,426,10
Shaun Mcdaniel,3170,1067800,17564,3
Stephanie Christensen,3152,1126300,33795,20
Nicholas Vargas,3172,795000,4293,12
Antonio Mason,3135,975000,13022,2
James Baker,3533,197500,207,4
Alison Reeves,3221,715000,1616,1
Richard Hunt,3825,355000,954,12
Richard Walker,3821,3821,638,11
Heather Wilson,3561,290000,552,4
James Simmons,3371,3371,502,9
Michael Bullock,3053,1077000,4249,8
Matthew Russo,3483,213500,972,8
Michael Powell,3778,3778,91,12
Diana Marks,3319,3319,480,5
Brian Wilkins,3568,255000,497,11
John Wilson,3646,3646,844,4
Wanda Chavez,3351,550000,143,11
Stephanie Robinson,3139,610000,4161,12
Derek Sanchez,3723,776500,4224,10
Alexander Smith,3370,765000,3616,2
Rebekah Campbell,3381,647500,351,10
Jonathan Turner,3215,1190000,17116,10
Emily Joyce,3472,349000,755,10
Jennifer Vargas,3697,3697,322,5
Marcus Norman,3825,355000,28,10
Sydney Allison,3678,3678,944,11
Derek Gentry,3888,328800,595,11
Steven Ingram,3321,750800,1319,2
Julian Schwartz,3840,335000,180,12
Candace Flynn,3444,975000,17194,6
Travis Gilbert,3551,667500,3711,9
Carl Walters,3335,570000,359,10
Andrew Lewis,3478,310000,82,9
Diane Brooks,3635,3635,313,4
Robert Duncan,3312,3312,855,7
James Reeves,3375,3375,533,7
Jesse Lane,3579,305000,633,1
Pamela Bryant,3216,825000,3590,2
David Hampton,3823,550000,855,11
Patricia Cooper MD,3249,3249,221,11
Dr. Ryan Day,3232,2100000,40340,4
Patrick Davis,3127,2350000,3452,2
Sherry Meadows,3125,1265000,41622,1
Leslie Jenkins,3352,607500,4995,5
Julie Smith,3465,377500,20,9
Anthony Fleming,3028,725000,2029,6
Matthew Schneider,3453,3453,978,11
Linda Pierce,3373,397500,604,3
Joseph Rose,3461,1005000,14468,6
Blake Smith,3673,510000,538,3
Tamara Zamora,3631,633000,2068,6
Jacqueline Kaufman,3810,640000,4296,12
Lindsay Yates,3181,1465000,21274,24
Elizabeth Smith,3342,685000,1438,7
Stacey Heath,3722,3722,928,10
Diane Sutton,3462,525000,785,1
Mary Alexander,3851,485000,907,4
Karen Lewis,3478,310000,713,11
Carrie Carter MD,3381,647500,2904,4
Yvonne Kidd,3175,693500,4392,9
Kyle Walker,3401,494000,588,1
Paul Schmidt,3585,375000,406,11
Kimberly Rhodes,3312,3312,693,12
Hailey Lopez,3542,3542,486,10
Michael Cooper,3350,711000,2654,2
Heather Miller,3037,933500,11979,6
Kimberly Powers,3891,3891,119,6
Oscar Martinez,3442,860000,4784,9
Zachary Thomas,3294,432500,832,12
Thomas Lee,3960,620000,3095,10
Lindsey Herring,3683,410000,199,7
Gary Rogers,3818,605000,4818,9
Yesenia Stevenson,3616,460000,31,10
Yvonne Miller,3821,3821,181,3
Steven Reynolds,3381,647500,2983,12
Andrea Romero,3463,850000,2842,10
Amanda Wilson,3227,1505000,43536,7
Jacob Rojas,3862,525000,318,1
Eric Ashley,3301,3301,514,4
Adam Doyle,3340,650000,1189,5
Tammy Gaines,3571,3571,117,6
Edwin Bowers,3898,387500,541,11
Cole Jackson,3328,3328,820,7
Shannon Obrien,3561,290000,19,4
Lance Wilson,3638,422500,809,8
Andrew Townsend,3895,3895,326,11
